country,iso2c,iso3c,year,SM.POP.NETM,SL.UEM.TOTL.ZS,SL.UEM.1524.ZS,NY.GDP.PCAP.PP.CD,FP.CPI.TOTL.ZG,SI.POV.DDAY,SP.POP.TOTL,SP.URB.TOTL.IN.ZS
Afghanistan,AF,AFG,2000,-694,7.935,10.235,813.550255989624,2.49265472467066,0.7,20130327,22.078
Afghanistan,AF,AFG,2010,-694,7.753,9.99,1765.53802830615,2.17853752389419,0.7,28284089,23.737
Afghanistan,AF,AFG,2020,-694,11.71,16.053,2561.98176058622,5.60188791482222,0.7,39068979,26.026
Albania,AL,ALB,2000,-694,19.023,30.555,3976.92608302032,2.49265472467066,0.7,3089027,41.741
Albania,AL,ALB,2010,-694,14.086,30.867,9755.92875964596,3.62604695579816,0.7,2913021,52.163
Albania,AL,ALB,2020,-16680,11.69,28.117,14512.0376833706,1.62088661717011,0.3,2837849,62.112
Algeria,DZ,DZA,2000,-16454,29.77,14.5005,9186.81590342899,2.49265472467066,0.7,30903893,59.919
Algeria,DZ,DZA,2010,-10788,9.96,22.161,14201.3659906969,3.91106195534029,0.7,36188236,67.54
Algeria,DZ,DZA,2020,-10798,14.057,35.748,12676.5130564294,2.41513094083414,0.7,44042091,73.733
American Samoa,AS,ASM,2000,-1068,NA,14.5005,9303.003879146436,2.49265472467066,0.7,56855,88.587
American Samoa,AS,ASM,2010,-1261,NA,14.5005,9303.003879146436,2.49265472467066,0.7,55228,87.594
American Samoa,AS,ASM,2020,-653,NA,14.5005,9303.003879146436,2.49265472467066,0.7,49761,87.153
Andorra,AD,AND,2000,-503,NA,14.5005,33458.1181625074,2.49265472467066,0.7,65685,92.395
Andorra,AD,AND,2010,-6194,NA,14.5005,43853.1712385354,2.49265472467066,0.7,80706,88.819
Andorra,AD,AND,2020,572,NA,14.5005,52095.8414004627,2.49265472467066,0.7,77380,87.916
Angola,AO,AGO,2000,-694,16.682,39.083,3326.77991382792,2.49265472467066,27,16194869,50.087
Angola,AO,AGO,2010,-694,16.618,38.752,6607.0221970301,2.49265472467066,0.7,23294825,59.783
Angola,AO,AGO,2020,7556,16.69,33.067,6450.74994625154,2.49265472467066,0.7,33451132,66.825
Antigua and Barbuda,AG,ATG,2000,263,NA,14.5005,19318.8965779721,2.49265472467066,0.7,74912,32.127
Antigua and Barbuda,AG,ATG,2010,291,NA,14.5005,24071.0297956482,3.37002540220151,0.7,85320,26.238
Antigua and Barbuda,AG,ATG,2020,0,NA,14.5005,22370.0918693813,0.625989707046714,0.7,91846,24.433
Argentina,AR,ARG,2000,-22775,15,32.348,11499.9828002518,2.49265472467066,7.3,37213984,89.142
Argentina,AR,ARG,2010,-5003,7.714,19.381,17847.6110373178,2.49265472467066,1.5,41288694,90.849
Argentina,AR,ARG,2020,292,11.461,30.428,22393.3479575353,2.49265472467066,2.2,45191965,92.111
Armenia,AM,ARM,2000,-694,11.095,12.254,2530.74394657194,2.49265472467066,0.7,3221100,64.666
Armenia,AM,ARM,2010,-30009,19.523,37.647,7095.21267979009,2.49265472467066,2.9,3044800,63.44
Armenia,AM,ARM,2020,-13046,18.175,32.205,14706.3173043422,1.2114357783847,1.5,2961500,63.313
Aruba,AW,ABW,2000,1226,NA,14.5005,30245.7069739274,2.49265472467066,0.7,90588,46.717
Aruba,AW,ABW,2010,501,NA,14.5005,33729.5119105028,2.07814071860783,0.7,101838,43.059
Aruba,AW,ABW,2020,0,NA,14.5005,28976.4635497124,2.49265472467066,0.7,108587,43.697
Australia,AU,AUS,2000,-694,6.288,12.084,26541.6653208437,4.45743514797223,0.7,19028802,84.235
Australia,AU,AUS,2010,-694,5.214,11.548,39372.8511038542,2.91834002677376,0.3,22031750,85.182
Australia,AU,AUS,2020,-694,6.456,14.219,53984.1246979075,0.846905537459283,1,25649248,86.241
Austria,AT,AUT,2000,17631,4.687,6.285,29214.7386484813,2.34486285357281,0.2,8011566,60.213
Austria,AT,AUT,2010,22570,4.883,9.673,41740.1149241758,1.81353438995062,0.5,8363404,57.399
Austria,AT,AUT,2020,39601,5.201,10.325,58523.0337816246,1.38191063351859,0.7,8916864,58.748
Azerbaijan,AZ,AZE,2000,15938,11.78,22.121,3439.14443222004,2.49265472467066,0.7,8048600,51.386
Azerbaijan,AZ,AZE,2010,1373,5.63,14.64,14930.4100337944,5.72687224669605,0.7,9054332,53.406
Azerbaijan,AZ,AZE,2020,1073,7.24,15.129,15163.5703327282,2.75980947008127,0.7,10093121,56.397
"Bahamas, The",BS,BHS,2000,845,7.12,15.595,25421.6022088567,2.49265472467066,0.7,323835,82.007
"Bahamas, The",BS,BHS,2010,1898,14.432,26.766,29624.9512261144,2.49265472467066,0.7,367478,82.427
"Bahamas, The",BS,BHS,2020,0,12.027,24.284,27204.625909518,0.0385210980054084,0.7,395863,83.245
Bahrain,BH,BHR,2000,2886,1.083,4.19,45687.5217405647,2.49265472467066,0.7,637582,88.372
Bahrain,BH,BHR,2010,-19329,1.13,4.953,49254.5770084238,2.49265472467066,0.7,1228543,88.634
Bahrain,BH,BHR,2020,-5048,1.781,6.365,53436.0316999712,-2.31770629331375,0.7,1472204,89.506
Bangladesh,BD,BGD,2000,-694,3.27,9.746,1511.90500588844,2.49265472467066,0.7,134544304,23.59
Bangladesh,BD,BGD,2010,-694,3.379,6.289,2833.69544368864,2.49265472467066,25.1,152201981,30.462
Bangladesh,BD,BGD,2020,-694,5.436,13.29,6640.58437331062,5.69107474746208,0.7,166298024,38.177
Barbados,BB,BRB,2000,-2628,9.35,20.828,15075.9510103336,2.49265472467066,0.7,262063,33.827
Barbados,BB,BRB,2010,-36,10.69,25.369,18977.5426798427,2.49265472467066,0.7,275243,31.87
Barbados,BB,BRB,2020,0,9.777,29.974,15824.49106614,2.49265472467066,0.7,281698,31.191
Belarus,BY,BLR,2000,1812,12.224,21.816,5795.65223965525,2.49265472467066,26.5,9979610,69.973
Belarus,BY,BLR,2010,10300,6.045,10.918,15339.0999026403,7.73574804312501,0.2,9483836,74.672
Belarus,BY,BLR,2020,-33954,4.049,12.045,24872.3066744528,5.54814357456511,0,9379952,79.483
Belgium,BE,BEL,2000,13952,6.586,15.249,27788.0908832256,2.54451776190909,0.3,10251250,97.129
Belgium,BE,BEL,2010,-694,8.293,22.391,39844.4054386496,2.18929920422458,0.1,10895586,97.651
Belgium,BE,BEL,2020,-694,5.545,15.326,56120.0958420466,0.740791812220353,0.1,11538604,98.079
Belize,BZ,BLZ,2000,1675,10.836,22.031,7555.13433418162,2.49265472467066,0.7,240799,45.398
Belize,BZ,BLZ,2010,1639,8.416,16.925,9734.89239729241,2.49265472467066,0.7,320245,45.228
Belize,BZ,BLZ,2020,64,10.784,23.566,9618.01643529994,0.121434644614868,0.7,390812,46.025
Benin,BJ,BEN,2000,3335,0.864,1.003,1671.35725172854,2.49265472467066,0.7,7221619,38.333
Benin,BJ,BEN,2010,3947,1.04,2.138,2220.32854611489,2.20783532536524,0.7,9797484,43.093
Benin,BJ,BEN,2020,1729,1.502,2.973,3244.58772756805,3.02272119663757,0.7,13070169,48.415
Bermuda,BM,BMU,2000,-50,NA,14.5005,54176.377748356,2.49265472467066,0.7,61550,100
Bermuda,BM,BMU,2010,-201,NA,14.5005,9303.003879146436,2.49265472467066,0.7,63725,100
Bermuda,BM,BMU,2020,286,NA,14.5005,9303.003879146436,2.49265472467066,0.7,64382,100
Bhutan,BT,BTN,2000,3940,1.66,4.891,3113.045439264,2.49265472467066,0.7,596863,25.418
Bhutan,BT,BTN,2010,-922,3.32,8.784,7245.77263522404,2.49265472467066,0.7,701632,34.793
Bhutan,BT,BTN,2020,287,5.03,21.989,12475.048003428,5.62936522632511,0.7,770006,42.316
Bolivia,BO,BOL,2000,-26940,2.447,4.274,3359.09510540566,2.49265472467066,28.3,8606326,61.787
Bolivia,BO,BOL,2010,-12590,2.608,5.283,5100.52757238083,2.50327605844241,0.7,10182345,66.43
Bolivia,BO,BOL,2020,-4663,7.903,15.231,8293.99121208365,0.940742153381827,4.2,11816299,70.123
Bosnia and Herzegovina,BA,BIH,2000,8138,25.187,14.5005,4147.03813509401,2.49265472467066,0.7,4159771,42.384
Bosnia and Herzegovina,BA,BIH,2010,-694,27.312,14.5005,9086.74853515985,1.99621236745887,0.7,3811472,45.558
Bosnia and Herzegovina,BA,BIH,2020,-26840,15.868,37.676,16369.9341410765,-1.05129600763489,0.7,3299349,49.02
Botswana,BW,BWA,2000,9798,15.88,32.129,9187.36377613829,2.49265472467066,0.7,1677382,53.219
Botswana,BW,BWA,2010,5151,17.86,35.093,12490.8923158262,2.49265472467066,0.7,2033111,62.412
Botswana,BW,BWA,2020,-11330,21.017,40.389,15292.2624704777,1.8903591682421,0.7,2365894,70.877
Brazil,BR,BRA,2000,-45800,10.889,20.327,9091.76851374523,7.04414105947266,0.7,174018282,81.192
Brazil,BR,BRA,2010,-694,8.422,18.242,14451.7158389637,5.03872690108075,0.7,193701929,84.335
Brazil,BR,BRA,2020,-694,13.697,30.267,16101.6183063466,3.21176803803373,2.8,208660842,87.073
British Virgin Islands,VG,VGB,2000,313,NA,14.5005,9303.003879146436,2.49265472467066,0.7,20241,41.774
British Virgin Islands,VG,VGB,2010,-125,NA,14.5005,9303.003879146436,2.49265472467066,0.7,27675,44.814
British Virgin Islands,VG,VGB,2020,888,NA,14.5005,9303.003879146436,2.49265472467066,0.7,37135,48.515
Brunei Darussalam,BN,BRN,2000,1660,5.459,17.193,9303.003879146436,2.49265472467066,0.7,326424,71.164
Brunei Darussalam,BN,BRN,2010,2479,6.455,21.596,9303.003879146436,2.49265472467066,0.7,392332,74.961
Brunei Darussalam,BN,BRN,2020,462,7.409,26.844,9303.003879146436,1.94031996607182,0.7,447404,78.25
Bulgaria,BG,BGR,2000,-26211,16.218,33.208,6422.7893292648,10.316262128999,0.7,8170172,68.899
Bulgaria,BG,BGR,2010,-21668,10.279,21.95,14955.9157788275,2.43899060504113,2.7,7395599,72.302
Bulgaria,BG,BGR,2020,30167,5.125,14.214,27376.7783677501,1.67244096855763,0.7,6550696,75.686
Burkina Faso,BF,BFA,2000,3877,2.679,4.151,896.477481510815,2.49265472467066,0.7,11925546,17.844
Burkina Faso,BF,BFA,2010,-42055,3.723,5.965,1449.42216382921,2.49265472467066,0.7,16176498,24.633
Burkina Faso,BF,BFA,2020,-5661,5.04,8.905,2380.72282781802,1.88470066518848,0.7,21478690,30.607
Burundi,BI,BDI,2000,-40032,3.129,3.846,519.115060396355,2.49265472467066,0.7,6470194,8.246
Burundi,BI,BDI,2010,11845,1.616,2.301,613.649848956193,6.49326591473995,0.7,9376444,10.642
Burundi,BI,BDI,2020,-10189,1.03,1.69,786.515830674648,7.32110643415518,0.7,12617036,13.708
Cabo Verde,CV,CPV,2000,-2772,13.088,23.209,3124.49488355024,2.49265472467066,0.7,453317,53.435
Cabo Verde,CV,CPV,2010,-5069,10.67,21.329,6038.58525655665,2.07866470906424,0.7,509784,61.821
Cabo Verde,CV,CPV,2020,-3362,14.69,34.625,6852.57669930355,0.605795808395438,0.7,514679,66.652
Cambodia,KH,KHM,2000,-694,0.744,1.22,1255.64037842372,2.49265472467066,0.7,12462336,18.586
Cambodia,KH,KHM,2010,-694,0.771,0.964,2988.50401439457,3.99639528107219,0.7,14500726,20.294
Cambodia,KH,KHM,2020,0,0.172,0.474,5942.45380373929,2.94029514263971,0.7,16725474,24.232
Cameroon,CM,CMR,2000,-21221,7.536,11.373,2108.49454959751,2.49265472467066,0.7,14912631,45.542
Cameroon,CM,CMR,2010,-9366,4.11,6.322,2913.94292755606,2.49265472467066,0.7,19668066,51.559
Cameroon,CM,CMR,2020,-9888,3.87,7.384,4365.44704128392,2.43760882182241,0.7,26210558,57.56
Canada,CA,CAN,2000,-694,6.829,12.669,29362.0841609786,2.71943995691976,0.2,30685730,79.478
Canada,CA,CAN,2010,-694,8.178,14.575,40098.2537191139,1.77687154092627,0.2,34005902,80.937
Canada,CA,CAN,2020,-694,9.657,20.125,48590.6832121939,0.71699963230780706,0.2,38028638,81.562
Cayman Islands,KY,CYM,2000,1021,NA,14.5005,9303.003879146436,2.49265472467066,0.7,39674,100
Cayman Islands,KY,CYM,2010,978,NA,14.5005,9303.003879146436,0.276140861750094,0.7,54099,100
Cayman Islands,KY,CYM,2020,810,NA,14.5005,9303.003879146436,2.49265472467066,0.7,68684,100
Central African Republic,CF,CAF,2000,8079,5.362,10.437,639.836997022267,2.49265472467066,0.7,3833416,37.639
Central African Republic,CF,CAF,2010,-43126,5.291,9.815,936.485497371468,1.49102370047805,0.7,4492995,38.904
Central African Republic,CF,CAF,2020,-24745,6.196,10.434,1066.29005423151,1.71015659523154,0.7,5026628,42.198
Chad,TD,TCD,2000,-3845,0.79,1.109,1039.06955283557,2.49265472467066,0.7,8512093,21.637
Chad,TD,TCD,2010,10427,0.878,1.286,2318.39844293894,2.49265472467066,0.7,12312575,21.985
Chad,TD,TCD,2020,36605,1.707,1.9,2185.99034173537,4.46414437232861,0.7,17224679,23.52
Channel Islands,JG,CHI,2000,169,5.551,10.928,9303.003879146436,2.49265472467066,0.7,148110,30.465
Channel Islands,JG,CHI,2010,742,7.225,17.391,9303.003879146436,2.49265472467066,0.7,158621,31.054
Channel Islands,JG,CHI,2020,858,6.863,16.263,9303.003879146436,2.49265472467066,0.7,166235,30.963
Chile,CL,CHL,2000,7067,10.491,24.745,9375.59008388337,3.84327295706565,8.6,15503635,86.073
Chile,CL,CHL,2010,26048,8.278,18.634,17917.8951217097,1.41071107954321,0.7,17181464,87.074
Chile,CL,CHL,2020,26042,10.934,24.377,25350.8635082972,3.0454908480433,1.7,19370624,87.727
China,CN,CHN,2000,-694,3.26,6.84,2963.53238602023,0.347811226864583,0.7,1262645000,35.877
China,CN,CHN,2010,-694,4.53,9.823,9411.13821903204,3.17532475269199,20.6,1337705000,49.226
China,CN,CHN,2020,-694,5,12.678,18267.4783455827,2.41942189457778,0,1411100000,61.428
Colombia,CO,COL,2000,-27878,20.52,37.398,6775.93064418811,9.22534818585364,23.9,39089934,73.957
Colombia,CO,COL,2010,-34220,11.153,22.572,10841.1279801312,2.27200227892011,13.1,44777319,77.964
Colombia,CO,COL,2020,-694,15.983,27.248,15519.2101694656,2.5266350008471,13.5,50629997,81.425
Comoros,KM,COM,2000,-2557,4.398,9.59,1719.0179082758,2.49265472467066,0.7,536080,28.08
Comoros,KM,COM,2010,-3832,4.248,9.556,2333.32778329942,2.49265472467066,0.7,654836,27.973
Comoros,KM,COM,2020,-1766,4.471,10.469,3261.59496762747,2.49265472467066,0.7,802163,29.38
"Congo, Dem. Rep.",CD,COD,2000,-694,3.234,5.285,416.549337550587,2.49265472467066,0.7,50507442,35.122
"Congo, Dem. Rep.",CD,COD,2010,8823,4.096,7.494,597.088740789196,2.49265472467066,0.7,68563038,40.013
"Congo, Dem. Rep.",CD,COD,2020,-1633,5.345,9.617,1136.00839556367,2.49265472467066,0.7,95989998,45.638
"Congo, Rep.",CG,COG,2000,-694,19.87,39.243,3667.42487266336,2.49265472467066,0.7,3151345,58.695
"Congo, Rep.",CG,COG,2010,12318,19.345,39.978,5125.06991343643,0.391525011227614,0.7,4462290,63.256
"Congo, Rep.",CG,COG,2020,-4472,22.198,46.326,4770.96449758365,1.79537147083111,0.7,5752791,67.829
Costa Rica,CR,CRI,2000,8826,5.08,11.237,7879.47794965988,10.9615496593622,9.8,3937739,59.052
Costa Rica,CR,CRI,2010,2357,7.171,17.378,12927.5645930035,5.66275708420022,2.2,4555962,71.736
Costa Rica,CR,CRI,2020,1029,16.432,40.108,22099.867812715,0.724911478131341,3.4,5034320,80.771
Cote d'Ivoire,CI,CIV,2000,-694,4.816,6.44,3040.57593185363,2.53077516737988,0.7,17699004,43.155
Cote d'Ivoire,CI,CIV,2010,-694,6.618,9.074,3360.54408826055,1.22645612135478,0.7,22488065,47.33
Cote d'Ivoire,CI,CIV,2020,-12390,2.584,4.698,5543.85096318939,2.42500656821817,0.7,28915449,51.706
Croatia,HR,HRV,2000,-694,16.064,41.82,10672.2559989535,2.49265472467066,0,4468302,53.428
Croatia,HR,HRV,2010,-3995,11.62,32.355,20143.7495528981,1.03055505333574,1.4,4295427,55.155
Croatia,HR,HRV,2020,-8552,7.507,21.222,31595.9559202678,0.154811374562112,0.4,3914206,57.553
Cuba,CU,CUB,2000,-24980,5.45,11.086,9303.003879146436,2.49265472467066,0.7,11109109,75.323
Cuba,CU,CUB,2010,-34121,2.5,6.026,9303.003879146436,2.49265472467066,0.7,11297409,76.597
Cuba,CU,CUB,2020,-11976,2.24,5.204,9303.003879146436,2.49265472467066,0.7,11176354,77.194
Curacao,CW,CUW,2000,-2995,NA,14.5005,21891.0453556692,2.49265472467066,0.7,133860,90.752
Curacao,CW,CUW,2010,242,NA,14.5005,25956.8107585616,2.77944261312558,0.7,148703,89.905
Curacao,CW,CUW,2020,992,NA,14.5005,21797.0190062969,2.49265472467066,0.7,154947,89.062
Cyprus,CY,CYP,2000,10753,4.766,8.904,21291.2578125,2.49265472467066,0.7,947667,68.648
Cyprus,CY,CYP,2010,11793,6.359,15.852,33505.8828125,2.43004084102254,0.1,1127816,67.551
Cyprus,CY,CYP,2020,9653,7.755,18.491,43354,-0.638422797978945,0,1302247,66.821
Czechia,CZ,CZE,2000,4420,8.764,16.97,16328.7979234395,3.77538829151735,0.7,10255063,73.988
Czechia,CZ,CZE,2010,34927,7.281,18.356,28156.9854724601,1.47272727272724,0,10474410,73.255
Czechia,CZ,CZE,2020,4336,2.55,7.936,44839.4822099455,3.16129528497808,0,10697858,74.061
Denmark,DK,DNK,2000,10441,4.476,6.726,28641.6990434156,2.90328203236453,0,5339616,85.1
Denmark,DK,DNK,2010,17533,7.746,15.554,43042.394637021,2.31092436974793,0.1,5547683,86.795
Denmark,DK,DNK,2020,10851,5.637,11.588,9303.003879146436,0.420711974110097,0.2,5831404,88.116
Djibouti,DJ,DJI,2000,5632,26.664,14.5005,9303.003879146436,2.49265472467066,0.7,747318,76.532
Djibouti,DJ,DJI,2010,2129,26.371,14.5005,9303.003879146436,2.49265472467066,0.7,930251,76.999
Djibouti,DJ,DJI,2020,1300,27.713,14.5005,5527.00185229888,1.77740783806177,0.7,1105188,78.062
Dominica,DM,DMA,2000,-973,NA,14.5005,7111.41320185002,2.49265472467066,0.7,68511,65.265
Dominica,DM,DMA,2010,-206,NA,14.5005,10924.0953245506,2.99936630549003,0.7,68859,68.094
Dominica,DM,DMA,2020,-225,NA,14.5005,14243.7623123898,1.22026442242472,0.7,67573,71.09
Dominican Republic,DO,DOM,2000,-33256,6.432,12.402,6639.01131864822,7.72413566181617,8.3,8584190,61.753
Dominican Republic,DO,DOM,2010,-36587,5.212,10.81,11245.6811892201,6.32993220146146,5.5,9820175,73.753
Dominican Republic,DO,DOM,2020,-17957,6.126,14.766,18998.3069667315,3.78103179915515,1.3,11008300,82.54
Ecuador,EC,ECU,2000,-40859,4.8,9.768,5728.25249857133,2.49265472467066,0.7,12689206,60.299
Ecuador,EC,ECU,2010,-8330,4.088,9.286,8968.94040838943,3.55437734567847,7.8,15076695,62.69
Ecuador,EC,ECU,2020,-10320,6.127,11.079,11526.8013009278,-0.338872392562181,8.4,17546065,64.166
"Egypt, Arab Rep.",EG,EGY,2000,27873,8.98,24.99,5451.51566992118,2.49265472467066,0.7,73083284,42.797
"Egypt, Arab Rep.",EG,EGY,2010,-694,8.757,24.583,8837.76450033703,2.49265472467066,1.5,89196072,43.019
"Egypt, Arab Rep.",EG,EGY,2020,6016,7.974,18.463,15231.865417764,5.04493288977539,0.7,109315124,42.783
El Salvador,SV,SLV,2000,-694,6.96,11.958,4422.44510574248,2.49265472467066,18.4,5943366,58.912
El Salvador,SV,SLV,2010,-694,4.893,10.156,6247.91452716829,1.17933576873673,11.4,6068249,65.452
El Salvador,SV,SLV,2020,-25213,5.008,11.069,9392.68913817943,-0.37159021232411,0.7,6234673,73.444
Equatorial Guinea,GQ,GNQ,2000,26695,7.955,15.531,7420.39310111594,2.49265472467066,0.7,703279,49.092
Equatorial Guinea,GQ,GNQ,2010,22027,8.07,15.958,26167.8268525276,2.49265472467066,0.7,1189085,65.94
Equatorial Guinea,GQ,GNQ,2020,0,8.781,17.665,13677.110587517,4.76669523944226,0.7,1716468,73.1
Eritrea,ER,ERI,2000,-33133,5.608,10.142,1557.87580231581,2.49265472467066,0.7,2247031,26.587
Eritrea,ER,ERI,2010,-13361,5.675,10.228,1599.19106106457,2.49265472467066,0.7,2945186,35.175
Eritrea,ER,ERI,2020,-14967,6.088,10.732,9303.003879146436,2.49265472467066,0.7,3291271,41.347
Estonia,EE,EST,2000,-3083,13.36,21.114,9422.49706491914,4.01848952508763,3,1396985,69.368
Estonia,EE,EST,2010,-3781,16.707,32.938,21616.7122418461,2.97204512015694,1,1331475,68.094
Estonia,EE,EST,2020,3694,6.956,18.417,40672.1340402132,-0.444531097679813,0.4,1329522,69.229
Eswatini,SZ,SWZ,2000,-8563,24.502,14.5005,4422.62770357704,2.49265472467066,0.7,1041414,22.686
Eswatini,SZ,SWZ,2010,-11334,26.736,14.5005,7230.86004359533,4.50923691774372,0.7,1111650,22.48
Eswatini,SZ,SWZ,2020,-4242,32.944,14.5005,9297.5881020884,2.49265472467066,0.7,1192729,24.171
Ethiopia,ET,ETH,2000,-694,3.5,5.128,473.903313508447,2.49265472467066,0.7,67411494,14.74
Ethiopia,ET,ETH,2010,-694,2.3,3.44,995.65397860146,8.14926402965083,0.7,90538514,17.319
Ethiopia,ET,ETH,2020,38866,3.994,6.359,2406.78938478669,2.49265472467066,0.7,118917671,21.695
Faroe Islands,FO,FRO,2000,301,NA,14.5005,9303.003879146436,2.49265472467066,0.7,45754,36.337
Faroe Islands,FO,FRO,2010,-780,NA,14.5005,39766.5911029215,2.49265472467066,0.7,48657,40.926
Faroe Islands,FO,FRO,2020,548,NA,14.5005,61648.5056152701,2.49265472467066,0.7,52567,42.398
Fiji,FJ,FJI,2000,-5909,4.7,11.101,5623.48028399028,2.49265472467066,0.7,840909,47.908
Fiji,FJ,FJI,2010,-10354,4.343,13.059,7476.10752715045,3.68901229670766,0.7,910419,52.171
Fiji,FJ,FJI,2020,-6008,4.649,17.142,11235.2760396525,-2.59524325887374,0.7,914963,57.247
Finland,FI,FIN,2000,2497,11.134,29.333,26777.1143421587,3.04210080667795,0,5176209,82.183
Finland,FI,FIN,2010,14080,8.394,21.288,38950.5525874191,1.18413523154647,0.1,5363352,83.77
Finland,FI,FIN,2020,17504,7.759,21.193,53296.5792798852,0.290554555653304,0,5529543,85.517
France,FR,FRA,2000,-694,10.218,20.484,26001.8796983416,1.67595988720928,0,60918661,75.871
France,FR,FRA,2010,-694,9.279,23.592,35911.5438581409,1.53112270420927,0.1,65026211,78.369
France,FR,FRA,2020,-694,8.009,20.398,49481.8044309655,0.476498852725014,0.1,67601110,80.975
French Polynesia,PF,PYF,2000,-721,11.579,32.447,9303.003879146436,2.49265472467066,0.7,240337,56.047
French Polynesia,PF,PYF,2010,-2917,12.145,35.127,9303.003879146436,2.49265472467066,0.7,270580,60.317
French Polynesia,PF,PYF,2020,-1443,12.951,41.36,9303.003879146436,2.49265472467066,0.7,279209,61.975
Gabon,GA,GAB,2000,3086,17.789,36.807,13326.1169521318,2.49265472467066,0.7,1275572,78.879
Gabon,GA,GAB,2010,17274,20.39,35.935,14014.6905491122,2.49265472467066,0.7,1719879,85.533
Gabon,GA,GAB,2020,1506,21.27,39.777,14477.1308291818,1.35276110675338,0.7,2322539,90.092
"Gambia, The",GM,GMB,2000,-3670,9.787,14.442,1731.3384764555,2.49265472467066,0.7,1455084,47.868
"Gambia, The",GM,GMB,2010,-2456,9.723,14.218,2266.82898238442,5.04968075857403,0.7,1926630,55.662
"Gambia, The",GM,GMB,2020,-1949,5.892,10.283,2530.80414937307,5.93127636562442,22,2515733,62.582
Georgia,GE,GEO,2000,-694,10.82,20.73,3161.19582490118,2.49265472467066,0.7,4077131,52.638
Georgia,GE,GEO,2010,-36608,20.203,41.26,7711.80683889487,7.11017897486099,23.6,3786695,55.535
Georgia,GE,GEO,2020,-2738,11.73,30.852,16791.2598654465,5.2024648897534,12,3722716,59.453
Germany,DE,DEU,2000,-694,7.917,8.545,27467.7824174767,1.4402683871974,0,82211508,74.965
Germany,DE,DEU,2010,-694,7.043,10.416,39730.4897885271,1.1038103778926,0,81776930,76.966
Germany,DE,DEU,2020,-694,3.881,7.862,58685.872699771,0.144877925813963,0.2,83160871,77.453
Ghana,GH,GHA,2000,-4206,10.456,16.311,2315.17803047482,2.49265472467066,0.7,19637087,43.929
Ghana,GH,GHA,2010,-3726,5.384,11.103,3855.46891716757,10.7333898354915,0.7,25474995,50.713
Ghana,GH,GHA,2020,-291,3.313,6.399,6047.30111673554,9.88728956269943,0.7,31887809,57.349
Gibraltar,GI,GIB,2000,-204,NA,14.5005,9303.003879146436,2.49265472467066,0.7,27709,100
Gibraltar,GI,GIB,2010,255,NA,14.5005,9303.003879146436,2.49265472467066,0.7,31248,100
Gibraltar,GI,GIB,2020,514,NA,14.5005,9303.003879146436,2.49265472467066,0.7,36173,100
Greece,GR,GRC,2000,-694,11.345,28.957,18815.8357857409,3.1511816249383,0.2,10805808,72.716
Greece,GR,GRC,2010,2001,12.719,33.005,27841.8591363591,4.71298907760393,1.1,11121341,76.292
Greece,GR,GRC,2020,6353,15.899,33.74,29533.087740299,-1.24798355581408,1.1,10698599,79.715
Greenland,GL,GRL,2000,-229,NA,14.5005,29616.1597427886,2.49265472467066,0.7,56185,81.6
Greenland,GL,GRL,2010,-46,NA,14.5005,50190.8817880429,2.49265472467066,0.7,56534,84.383
Greenland,GL,GRL,2020,-328,NA,14.5005,9303.003879146436,2.49265472467066,0.7,56367,87.282
Grenada,GD,GRD,2000,-376,NA,14.5005,7305.72456197879,2.49265472467066,0.7,107451,35.698
Grenada,GD,GRD,2010,-665,NA,14.5005,10344.3839189192,3.43650905943351,0.7,111586,35.865
Grenada,GD,GRD,2020,0,NA,14.5005,14361.1267154452,-0.740732597045526,0.7,116341,36.537
Guam,GU,GUM,2000,-1501,15.32,36.518,9303.003879146436,2.49265472467066,0.7,160065,93.129
Guam,GU,GUM,2010,-2450,8.2,19.492,9303.003879146436,2.49265472467066,0.7,166522,94.099
Guam,GU,GUM,2020,-244,6.248,15.446,9303.003879146436,2.49265472467066,0.7,162158,94.938
Guatemala,GT,GTM,2000,-694,2.606,4.305,4714.96666200848,2.49265472467066,8.8,11697592,45.332
Guatemala,GT,GTM,2010,-36076,3.497,5.296,6510.09980949963,3.85950909833162,0.7,14500112,48.403
Guatemala,GT,GTM,2020,-23927,2.955,5.166,10947.3705618969,3.21444062197349,0.7,17357325,51.836
Guinea-Bissau,GW,GNB,2000,-6971,3.557,4.111,1013.97349183331,2.49265472467066,0.7,1234741,36.243
Guinea-Bissau,GW,GNB,2010,-2257,3.137,3.843,1369.68917066121,2.49265472467066,0.7,1566347,40.111
Guinea-Bissau,GW,GNB,2020,-1394,2.89,2.764,2310.37430731557,1.14000939393216,0.7,2013255,44.196
Guinea,GN,GIN,2000,-694,4.599,5.694,1195.80611453345,2.49265472467066,0.7,8428832,30.869
Guinea,GN,GIN,2010,-31327,5.097,6.502,1621.69161141242,2.49265472467066,0.7,10396086,33.678
Guinea,GN,GIN,2020,-4365,6.018,8.461,3331.85663003801,10.6016203387167,0.7,13371183,36.875
Guyana,GY,GUY,2000,-14090,11.93,24.905,5859.91791902933,2.49265472467066,0.7,764832,28.694
Guyana,GY,GUY,2010,-13655,11.636,22.558,9336.59830212594,3.73337757704245,0.7,749256,26.634
Guyana,GY,GUY,2020,-1743,15.334,30.857,16819.4228714695,0.993337022838761,0.7,807481,26.786
Haiti,HT,HTI,2000,-27075,8.454,20.534,2228.50133637731,9.33322197565601,0.7,8303151,35.6
Haiti,HT,HTI,2010,-28416,15.252,36.948,2694.91104137315,4.82734190074673,0.7,9803294,47.509
Haiti,HT,HTI,2020,-33850,15.546,39.687,3103.18066312462,2.49265472467066,0.7,11243848,57.088
Honduras,HN,HND,2000,-10757,3.881,6.574,2587.42253930427,2.49265472467066,0.7,6577773,45.458
Honduras,HN,HND,2010,-5419,4.119,7.506,3757.5464206245,4.69889064976226,19.6,8365878,51.885
Honduras,HN,HND,2020,-6199,10.982,17.087,5384.69831983038,3.46841177951179,0.7,10119640,58.359
"Hong Kong SAR, China",HK,HKG,2000,-694,4.92,11.064,28224.5318995373,2.49265472467066,0.7,6665000,100
"Hong Kong SAR, China",HK,HKG,2010,8307,4.329,12.097,49197.6589927693,2.29289088604676,0.7,7024200,100
"Hong Kong SAR, China",HK,HKG,2020,-1800,5.808,15.533,58187.4764072535,0.25096202108081,0.7,7481000,100
Hungary,HU,HUN,2000,13414,6.563,12.848,11869.1315889398,9.80361016908124,0.1,10210971,64.575
Hungary,HU,HUN,2010,10592,11.172,26.393,21693.4020663431,4.85555795691956,0.2,10000023,68.911
Hungary,HU,HUN,2020,9147,4.25,12.757,35583.5855675637,3.3267438576673,0.7,9670419,71.942
Iceland,IS,ISL,2000,1877,1.936,4.243,29782.8738104215,5.13647123245151,0.7,281205,92.401
Iceland,IS,ISL,2010,-2055,7.564,15.851,39768.4169599139,5.39673113167477,0.1,318041,93.574
Iceland,IS,ISL,2020,2498,5.478,9.871,55796.7454667632,2.8479240151866,0.7,366463,93.898
India,IN,IND,2000,-694,7.624,20.273,2090.85806894486,4.00943591045191,0.7,1057922733,27.667
India,IN,IND,2010,-694,7.652,23.348,4206.45986002117,2.49265472467066,0.7,1243481564,30.93
India,IN,IND,2020,-694,7.859,24.666,6966.27542785911,6.62343677628536,0.7,1402617695,34.926
Indonesia,ID,IDN,2000,-42697,6.077,19.147,4639.03942639464,3.68862037056682,0.7,216077790,42.002
Indonesia,ID,IDN,2010,-694,5.614,17.691,8353.45684733249,5.13420639015885,0.7,246305322,49.914
Indonesia,ID,IDN,2020,-18743,4.255,14.773,11729.3674458448,1.91983527270797,9.8,274814866,56.641
"Iran, Islamic Rep.",IR,IRN,2000,-694,11.696,23.082,10729.358009814,2.49265472467066,0.7,66418659,64.042
"Iran, Islamic Rep.",IR,IRN,2010,-12849,13.679,28.7,17865.9413811134,10.0893629287979,0.7,77420842,70.626
"Iran, Islamic Rep.",IR,IRN,2020,-694,9.687,23.712,14110.3191444298,2.49265472467066,4.6,87723443,75.874
Iraq,IQ,IRQ,2000,-694,8.058,15.538,10627.9400727491,2.49265472467066,0.7,24424056,68.496
Iraq,IQ,IRQ,2010,-694,8.267,16.578,12186.1929623841,2.49265472467066,0.7,31045366,69.103
Iraq,IQ,IRQ,2020,29858,15.778,34.823,10573.9304750715,0.574162679425837,0.7,42116605,70.893
Ireland,IE,IRL,2000,31298,4.318,6.253,30209.4656208159,5.57763269940386,0.2,3805174,59.155
Ireland,IE,IRL,2010,-26974,14.534,28.157,43216.9847302406,-0.918388645376769,0.7,4560155,61.542
Ireland,IE,IRL,2020,15746,5.623,15.263,9303.003879146436,-0.326183651280059,0.2,5039747,63.653
Isle of Man,IM,IMN,2000,841,NA,14.5005,9303.003879146436,2.49265472467066,0.7,75659,51.823
Isle of Man,IM,IMN,2010,778,NA,14.5005,9303.003879146436,2.49265472467066,0.7,83873,51.994
Isle of Man,IM,IMN,2020,219,NA,14.5005,9303.003879146436,2.49265472467066,0.7,84064,52.898
Israel,IL,ISR,2000,-694,11.102,17.315,25783.17345746,1.0326364099949,0.7,6289000,91.203
Israel,IL,ISR,2010,12906,8.48,14.22,29455.8218132531,2.70270270270273,0.5,7623600,91.826
Israel,IL,ISR,2020,16573,4.169,7.645,40955.2856179152,-0.575254620897805,0.7,9215100,92.587
Italy,IT,ITA,2000,-694,10.834,31.46,27146.321184003,2.53768532095001,1.2,56942108,67.222
Italy,IT,ITA,2010,-694,8.363,27.91,34977.9942339965,1.52551602118248,1.4,59819407,68.327
Italy,IT,ITA,2020,-694,9.164,29.39,44435.6434393527,-0.137707573916501,0.9,59438851,71.039
Jamaica,JM,JAM,2000,-17498,6.762,16.614,6463.53022417725,2.49265472467066,0.7,2607826,51.814
Jamaica,JM,JAM,2010,-13248,7.63,20.451,8080.14850837338,2.49265472467066,0.7,2748568,53.743
Jamaica,JM,JAM,2020,0,6.501,20.087,8991.16205633754,5.2267777929352,0.7,2830739,56.311
Japan,JP,JPN,2000,23468,4.748,9.212,27287.2701912718,-0.67657868359508,0.7,126843000,78.649
Japan,JP,JPN,2010,-694,5.102,9.46,35335.3735103814,-0.728243207517766,0.7,128070000,90.812
Japan,JP,JPN,2020,-694,2.809,4.679,42425.6946789651,-0.024995834027682,1.2,126261000,91.782
Jordan,JO,JOR,2000,-26077,13.7,31.735,5640.65728199166,2.49265472467066,0.7,5386945,78.27
Jordan,JO,JOR,2010,4872,12.5,30.131,9416.64386806071,4.84551875852119,0.1,7297043,86.088
Jordan,JO,JOR,2020,6745,19.213,42.458,9579.20081317696,0.333294350628422,0.7,10865228,91.418
Kazakhstan,KZ,KAZ,2000,-8754,12.75,22.669,7418.19612076858,2.49265472467066,0.7,15501103,56.098
Kazakhstan,KZ,KAZ,2010,-6840,5.77,5.215,18641.8061477073,7.40046356341392,0.5,16836810,56.827
Kazakhstan,KZ,KAZ,2020,-8716,4.89,3.769,29039.8229624509,6.71815454861464,0,19482117,57.671
Kenya,KE,KEN,2000,5407,2.889,6.774,1906.89794095999,2.49265472467066,0.7,30642890,19.892
Kenya,KE,KEN,2010,-21069,2.796,7.053,2634.89271323826,2.49265472467066,0.7,41598567,23.571
Kenya,KE,KEN,2020,-17111,5.619,13.649,4792.57315847182,5.40516207933395,0.7,52217334,27.995
Kiribati,KI,KIR,2000,-629,NA,14.5005,1637.93601427336,2.49265472467066,0.7,88613,42.958
Kiribati,KI,KIR,2010,-456,NA,14.5005,1724.46710150819,-3.89955040651653,0.7,108704,47.39
Kiribati,KI,KIR,2020,0,NA,14.5005,2710.90622817554,2.55324554414634,0.7,126099,55.594
"Korea, Dem. People's Rep.",KP,PRK,2000,-3142,3.05,7.07,9303.003879146436,2.49265472467066,0.7,23665910,59.412
"Korea, Dem. People's Rep.",KP,PRK,2010,-3053,2.81,6.49,9303.003879146436,2.49265472467066,0.7,24987258,60.377
"Korea, Dem. People's Rep.",KP,PRK,2020,-1585,2.948,7.418,9303.003879146436,2.49265472467066,0.7,26136312,62.381
"Korea, Rep.",KR,KOR,2000,-694,4.063,10.002,18538.8355325592,2.25916580080157,0.7,47008111,79.621
"Korea, Rep.",KR,KOR,2010,-694,3.324,8.54,31736.6284370925,2.93928652655687,0.5,49554112,81.936
"Korea, Rep.",KR,KOR,2020,-694,3.931,10.143,45142.7634505403,0.537288023411766,0,51836239,81.414
Kosovo,XK,XKX,2000,-9150,NA,14.5005,9303.003879146436,2.49265472467066,0.7,1802493,NA
Kosovo,XK,XKX,2010,-29433,NA,14.5005,7179.22277933687,3.48050763735844,10.6,1788743,NA
Kosovo,XK,XKX,2020,2815,NA,14.5005,10532.5054692849,0.198227922994847,16.8,1790151,NA
Kuwait,KW,KWT,2000,14296,0.8,2.984,58702.8673247959,2.49265472467066,0.7,1954709,99
Kuwait,KW,KWT,2010,-694,1.82,8.581,9303.003879146436,2.49265472467066,0.7,2943372,100
Kuwait,KW,KWT,2020,-694,3.557,19.149,41461.7235103219,2.10172954827401,0.7,4400267,100
Kyrgyz Republic,KG,KGZ,2000,-23265,1.858,3.396,1861.86559711699,2.49265472467066,0.7,4898362,35.298
Kyrgyz Republic,KG,KGZ,2010,-6521,2.887,5.237,3075.61554332455,7.96772225579685,12.6,5467059,35.306
Kyrgyz Republic,KG,KGZ,2020,-694,4.63,8.468,5178.5619670404,6.32542296338081,9.4,6726596,36.856
Lao PDR,LA,LAO,2000,-33965,2.046,4.27,1793.88582607334,2.49265472467066,0.7,5431212,21.977
Lao PDR,LA,LAO,2010,-30046,0.708,1.572,3772.26605172404,5.98254521550086,0.7,6334194,30.064
Lao PDR,LA,LAO,2020,-10305,2.361,4.261,7913.38660650276,5.10407262959923,0.7,7346533,36.29
Latvia,LV,LVA,2000,-15679,14.211,21.266,7840.88147857358,2.65425477796047,0.7,2367550,68.067
Latvia,LV,LVA,2010,-36128,19.482,36.24,17343.4658666613,-1.08463595015159,2.6,2097555,67.841
Latvia,LV,LVA,2020,-3147,8.098,14.868,32741.4207691987,0.219064904842114,0.5,1900449,68.315
Lebanon,LB,LBN,2000,455,8.603,21.07,7937.95653006732,2.49265472467066,0.7,4329340,86
Lebanon,LB,LBN,2010,-40915,6.775,16.067,14703.6153215084,3.98347941855834,0.7,5041288,87.334
Lebanon,LB,LBN,2020,-694,13.284,27.028,16259.7051312281,2.49265472467066,0.7,5702398,88.925
Lesotho,LS,LSO,2000,-26220,16.227,22.508,1272.924433991,2.49265472467066,0.7,2003913,19.548
Lesotho,LS,LSO,2010,-5886,16.113,23.046,2152.91528289768,-2.40524254598709,0.7,1996251,24.798
Lesotho,LS,LSO,2020,-3449,18.399,28.298,2559.09776834929,4.97809676252311,0.7,2235727,29.028
Liberia,LR,LBR,2000,-2060,2.231,3.103,965.395523330548,2.49265472467066,0.7,2928117,44.331
Liberia,LR,LBR,2010,2850,2.266,3.151,980.1181397741,7.28992796890218,0.7,4058890,47.813
Liberia,LR,LBR,2020,-10107,4.109,2.931,1659.52109145991,2.49265472467066,0.7,5149463,52.089
Libya,LY,LBY,2000,5634,19.201,46.638,20616.9848683599,2.49265472467066,0.7,5305021,76.387
Libya,LY,LBY,2010,9611,19.276,14.5005,30234.0918728805,2.49265472467066,0.7,6497839,78.052
Libya,LY,LBY,2020,-694,19.613,14.5005,10954.799045265,1.44703656998739,0.7,7045399,80.691
Liechtenstein,LI,LIE,2000,167,NA,14.5005,9303.003879146436,2.49265472467066,0.7,32645,15.13
Liechtenstein,LI,LIE,2010,124,NA,14.5005,9303.003879146436,2.49265472467066,0.7,36022,14.464
Liechtenstein,LI,LIE,2020,269,NA,14.5005,9303.003879146436,2.49265472467066,0.7,38901,14.416
Lithuania,LT,LTU,2000,-16077,15.931,28.535,8465.94329594005,0.981615478857585,1.2,3499536,66.986
Lithuania,LT,LTU,2010,-694,17.814,35.744,19827.948684184,1.31921362055464,2,3097282,66.757
Lithuania,LT,LTU,2020,19884,8.487,19.556,41262.7276941725,1.19989444983568,0.5,2810369,68.046
Luxembourg,LU,LUX,2000,4516,2.345,6.376,55124.2922512694,3.15076707022592,0,436300,84.216
Luxembourg,LU,LUX,2010,7909,4.423,13.917,9303.003879146436,2.2736791162154,0,506953,88.547
Luxembourg,LU,LUX,2020,6967,6.766,23.182,9303.003879146436,0.819957302127018,0,630419,91.453
"Macao SAR, China",MO,MAC,2000,4775,6.874,10.905,34692.5186472122,-1.60971883961895,0.7,430600,100
"Macao SAR, China",MO,MAC,2010,10079,2.84,5.416,9303.003879146436,2.80947242060845,0.7,537000,100
"Macao SAR, China",MO,MAC,2020,8842,2.566,7.694,57220.817061871,0.811410511491636,0.7,685400,100
Madagascar,MG,MDG,2000,-4298,5.8,8.397,1235.78733941908,2.49265472467066,0.7,16516338,27.121
Madagascar,MG,MDG,2010,-1979,4.28,4.791,1463.87646786391,9.24732173644116,0.7,22183340,31.938
Madagascar,MG,MDG,2020,-1480,3.284,5.929,1490.32312837866,4.20179312190558,0.7,28953556,38.534
Malawi,MW,MWI,2000,-28098,5.048,6.762,974.310137499677,2.49265472467066,0.7,11315942,14.61
Malawi,MW,MWI,2010,-9327,4.798,6.534,1457.60568309596,2.49265472467066,0.7,14826463,15.544
Malawi,MW,MWI,2020,-2655,5.728,7.865,1513.45990803344,8.62551469650552,0.7,19533888,17.427
Malaysia,MY,MYS,2000,-694,3,9.88,13027.2733386657,2.49265472467066,0.7,22967816,61.977
Malaysia,MY,MYS,2010,-694,3.39,11.104,20193.4092945433,1.62285235577035,0.7,28655776,70.912
Malaysia,MY,MYS,2020,-694,4.54,12.366,27474.7361378236,-1.13870215393055,0.7,33889558,77.16
Maldives,MV,MDV,2000,300,1.97,4.403,8526.28985996399,-1.17475681175945,0.7,282019,27.706
Maldives,MV,MDV,2010,6369,10.881,23.331,12797.3279369096,6.14988536750175,0.7,360792,36.434
Maldives,MV,MDV,2020,9642,5.434,16.109,13425.3674459601,-1.36977425569811,0.7,502118,40.669
Mali,ML,MLI,2000,-17395,1.414,2.163,1194.67503437542,2.49265472467066,0.7,11559290,28.356
Mali,ML,MLI,2010,-34483,1.405,2.176,1997.68294373356,2.49265472467066,0.7,15945198,35.999
Mali,ML,MLI,2020,-14962,3.528,6.733,2723.70094784441,0.438088940320735,0.7,21713836,43.909
Malta,MT,MLT,2000,1591,6.324,11.838,18210.6063335874,2.49265472467066,0.7,390087,92.368
Malta,MT,MLT,2010,741,6.847,13.229,28912.3673064801,1.51563513618533,0.3,414508,94.072
Malta,MT,MLT,2020,6904,4.347,10.872,49987.8929839855,0.638544956776647,0.4,515490,94.744
Marshall Islands,MH,MHL,2000,-1110,NA,14.5005,2489.96943780806,2.49265472467066,0.7,50706,68.58
Marshall Islands,MH,MHL,2010,-1221,NA,14.5005,3473.40469896159,2.49265472467066,0.7,52044,73.568
Marshall Islands,MH,MHL,2020,-2004,NA,14.5005,6136.97119702131,2.49265472467066,0.7,42706,77.794
Mauritania,MR,MRT,2000,-2997,10.033,15.3,2303.66639707769,2.49265472467066,0.7,2613441,38.091
Mauritania,MR,MRT,2010,1128,10.075,15.331,3177.84436561165,2.49265472467066,0.7,3390965,46.588
Mauritania,MR,MRT,2020,-1483,11.054,25.601,5740.73959690129,2.38569488456317,0.7,4600131,55.327
Mauritius,MU,MUS,2000,-2326,9.138,26.419,9139.70367062111,2.49265472467066,0.7,1186873,42.67
Mauritius,MU,MUS,2010,-2624,7.654,23.524,15913.9099205525,2.93236301369857,0.7,1250400,41.555
Mauritius,MU,MUS,2020,-5895,8.626,24.795,21326.224396378,2.58080077182826,0.7,1266014,40.76
Mexico,MX,MEX,2000,-694,2.646,5.228,11704.3811052518,9.49156149435403,16.3,98625552,74.722
Mexico,MX,MEX,2010,-40845,5.303,9.704,15908.8603191799,4.15672722680173,8.4,113623895,77.815
Mexico,MX,MEX,2020,-694,4.44,8.053,19354.1248722314,3.39683415570006,4.3,126799054,80.731
"Micronesia, Fed. Sts.",FM,FSM,2000,-2402,NA,14.5005,2383.85064965382,2.15851810619413,0.7,112044,22.33
"Micronesia, Fed. Sts.",FM,FSM,2010,-1798,NA,14.5005,3125.91252899737,3.31370963136216,0.7,107540,22.298
"Micronesia, Fed. Sts.",FM,FSM,2020,-680,NA,14.5005,3682.39299463483,0.554594630853189,0.7,110916,22.933
Moldova,MD,MDA,2000,-43854,8.539,16.003,3044.67050577354,2.49265472467066,0.7,2924668,44.589
Moldova,MD,MDA,2010,-694,2.937,5.607,6323.06287905206,7.48385086350857,0.8,2862354,42.62
Moldova,MD,MDA,2020,-33405,1.186,4.015,13527.4413130967,3.76597122245358,0,2635130,42.849
Monaco,MC,MCO,2000,-33,NA,14.5005,9303.003879146436,2.49265472467066,0.7,32455,100
Monaco,MC,MCO,2010,808,NA,14.5005,9303.003879146436,2.49265472467066,0.7,33163,100
Monaco,MC,MCO,2020,999,NA,14.5005,9303.003879146436,2.49265472467066,0.7,38050,100
Mongolia,MN,MNG,2000,-11241,5.993,9.33,3739.69666851051,2.49265472467066,0.7,2388299,57.133
Mongolia,MN,MNG,2010,-6444,6.549,14.559,7531.62557442648,10.0462065881651,3.5,2738622,67.567
Mongolia,MN,MNG,2020,0,6.594,15.947,13693.179806943,3.7237230614026,0.7,3327204,68.657
Montenegro,ME,MNE,2000,-3734,30.609,14.5005,6002.5764111389,2.49265472467066,0.7,604950,58.544
Montenegro,ME,MNE,2010,-2276,19.649,36.721,13633.6988304649,2.49265472467066,0,619428,64.14
Montenegro,ME,MNE,2020,-3310,17.878,36.216,20827.4892978607,-0.255655699848511,2.2,626590,67.488
Morocco,MA,MAR,2000,-694,13.58,20.4,3930.22314453125,2.49265472467066,16.8,28423435,53.335
Morocco,MA,MAR,2010,-694,9.09,17.621,6848.66748046875,0.993557401226421,0.7,32467016,58.018
Morocco,MA,MAR,2020,-35474,11.223,26.88,7704.84912109375,0.705968661338224,0.7,36584208,63.532
Mozambique,MZ,MOZ,2000,-694,2.833,6.041,471.967329761791,2.49265472467066,0.7,18129653,29.098
Mozambique,MZ,MOZ,2010,-694,3.261,6.871,1000.2411486648,2.49265472467066,0.7,22999235,31.83
Mozambique,MZ,MOZ,2020,-25864,3.921,8.329,1411.62040229911,3.48393567493207,0.7,30783688,37.074
Myanmar,MM,MMR,2000,-694,0.717,1.333,948.748285178047,2.49265472467066,0.7,45290841,27.025
Myanmar,MM,MMR,2010,-694,0.727,1.502,3348.12889497049,2.49265472467066,0.7,49024382,28.885
Myanmar,MM,MMR,2020,-694,1.476,4.955,5740.99045843992,2.49265472467066,0.7,53016522,31.141
Namibia,NA,NAM,2000,5709,20.3,39.258,5128.61433644621,2.49265472467066,0.7,1818647,32.373
Namibia,NA,NAM,2010,-8518,22.12,44.529,8538.19995395948,4.87491987643953,0.7,2109811,41.616
Namibia,NA,NAM,2020,27056,21.004,41.433,9354.13136713077,2.20938236933471,0.7,2728762,52.033
Nauru,NR,NRU,2000,-236,NA,14.5005,5920.35267953774,2.49265472467066,0.7,10168,100
Nauru,NR,NRU,2010,-246,NA,14.5005,5667.93968133576,2.49265472467066,0.7,10043,100
Nauru,NR,NRU,2020,-214,NA,14.5005,10941.6636727977,2.49265472467066,0.7,11643,100
Nepal,NP,NPL,2000,-694,10.551,18.895,1316.82940913774,2.47882020709132,0.7,24546509,13.397
Nepal,NP,NPL,2010,-694,10.554,19.189,2139.22749384013,9.32650410745394,21.5,27341952,16.768
Nepal,NP,NPL,2020,-694,12.975,24.041,4235.57462326905,5.05236655289212,0.7,28966574,20.576
Netherlands,NL,NLD,2000,-694,2.725,5.192,31887.8534610687,2.36052233801948,0.7,15925513,76.795
Netherlands,NL,NLD,2010,33703,4.991,10.77,45306.3078054895,1.27530569556683,0,16615394,87.134
Netherlands,NL,NLD,2020,-694,3.82,8.875,9303.003879146436,1.27246037789166,0,17441500,92.236
New Caledonia,NC,NCL,2000,1070,17.984,44.399,9303.003879146436,2.49265472467066,0.7,223098,61.919
New Caledonia,NC,NCL,2010,1956,13.95,36.027,9303.003879146436,2.49265472467066,0.7,261582,67.102
New Caledonia,NC,NCL,2020,-1181,13.558,46.146,9303.003879146436,2.49265472467066,0.7,284176,71.518
New Zealand,NZ,NZL,2000,-6604,6.13,13.498,21500.629289809895,2.6152344624632,0.7,3857700,86.021
New Zealand,NZ,NZL,2010,6722,6.557,17.421,31292.9527570392,2.30202385958574,0.7,4350700,86.16
New Zealand,NZ,NZL,2020,-694,4.595,12.442,45354.1561628727,1.71456170007245,0.7,5090200,86.699
Nicaragua,NI,NIC,2000,-42087,7.162,11.38,2806.25937937345,2.49265472467066,0.7,5022633,55.185
Nicaragua,NI,NIC,2010,-29081,7.83,12.062,4042.22071276517,5.45513425887423,0.7,5737450,56.917
Nicaragua,NI,NIC,2020,-10383,6.201,11.467,6274.09456741388,3.68181341625574,0.7,6565267,59.012
Niger,NE,NER,2000,-8522,1.431,3.063,764.28188514316,2.49265472467066,0.7,11509630,16.186
Niger,NE,NER,2010,-8033,0.722,1.214,1057.51100257385,2.49265472467066,0.7,16548835,16.221
Niger,NE,NER,2020,-4402,0.594,0.762,1496.83350023022,2.89819376026277,0.7,23717613,16.626
Nigeria,NG,NGA,2000,-694,3.963,7.945,2229.06577778458,2.49265472467066,0.7,126382494,34.84
Nigeria,NG,NGA,2010,-694,3.746,8.116,4474.60705075023,2.49265472467066,0.7,166642886,43.48
Nigeria,NG,NGA,2020,-14497,5.742,10.851,5353.70554899388,2.49265472467066,0.7,213996181,51.958
North Macedonia,MK,MKD,2000,-2824,32.2,14.5005,6152.5882611831,2.49265472467066,11.7,2026350,58.548
North Macedonia,MK,MKD,2010,-16668,33.135,14.5005,11993.5315145202,1.50997522027621,12.8,1946298,57.089
North Macedonia,MK,MKD,2020,-23458,16.575,35.622,19962.1686066623,1.20007348888486,0.7,1856124,58.482
Northern Mariana Islands,MP,MNP,2000,-950,NA,14.5005,9303.003879146436,2.49265472467066,0.7,68356,90.152
Northern Mariana Islands,MP,MNP,2010,-1587,NA,14.5005,9303.003879146436,2.49265472467066,0.7,54091,90.949
Northern Mariana Islands,MP,MNP,2020,-755,NA,14.5005,9303.003879146436,2.49265472467066,0.7,47528,91.798
Norway,NO,NOR,2000,9805,3.458,10.993,36986.4941984639,3.08550609131276,0.2,4490967,76.02
Norway,NO,NOR,2010,-694,3.527,9.192,58219.6143463523,2.41890639481001,0.2,4889252,79.102
Norway,NO,NOR,2020,11277,4.424,11.188,9303.003879146436,1.28658490707998,0.3,5379475,82.974
Oman,OM,OMN,2000,-18588,4.331,13.356,39443.2607398257,2.49265472467066,0.7,2282131,71.569
Oman,OM,OMN,2010,28717,3.935,13.93,55667.4687778644,3.25657959078626,0.7,2757446,75.161
Oman,OM,OMN,2020,-694,2.94,13.51,35163.3281781415,-0.406402919465837,0.7,4522497,86.276
Pakistan,PK,PAK,2000,-694,0.634,0.974,2565.19958815141,2.49265472467066,0.7,154879127,32.982
Pakistan,PK,PAK,2010,-694,0.653,1.287,3785.70113530595,2.49265472467066,26.7,199239047,34.997
Pakistan,PK,PAK,2020,-694,6.127,10.837,5048.0213062963,9.73999313898157,0.7,235001746,37.165
Palau,PW,PLW,2000,120,NA,14.5005,10191.707082549,2.49265472467066,0.7,19178,70.338
Palau,PW,PLW,2010,-392,NA,14.5005,13448.9332812883,1.44219017355169,0.7,18396,74.817
Palau,PW,PLW,2020,0,NA,14.5005,17367.2676432665,0.218181818181818,0.7,17792,80.988
Panama,PA,PAN,2000,2602,6.264,13.663,8097.2957828739,2.49265472467066,16.3,3010369,62.198
Panama,PA,PAN,2010,4953,5.845,13.43,15572.5787194419,3.49128872618804,7.7,3628535,65.14
Panama,PA,PAN,2020,5473,14.663,33.033,27017.0033688951,-1.55027540803762,0.7,4293261,68.414
Papua New Guinea,PG,PNG,2000,-694,2.92,5.234,2195.95783293206,2.49265472467066,0.7,5537064,13.204
Papua New Guinea,PG,PNG,2010,-694,2.002,3.574,2911.8920318969,2.49265472467066,0.7,7633523,13.019
Papua New Guinea,PG,PNG,2020,10703,2.883,4.541,3899.57719236851,4.87167398565552,0.7,9815746,13.345
Paraguay,PY,PRY,2000,-15884,7.61,13.966,6937.17671975792,2.49265472467066,0.7,5100868,55.331
Paraguay,PY,PRY,2010,-26169,4.569,10.614,10893.3149199543,4.65116279069767,9.4,5737971,59.261
Paraguay,PY,PRY,2020,-8226,7.548,17.152,14308.8787738328,1.76751592356698,2.6,6603739,62.183
Peru,PE,PER,2000,-694,4.958,5.947,5011.94540719164,2.49265472467066,25.5,26598331,73.042
Peru,PE,PER,2010,-694,3.6,6.843,9713.35863309362,2.49265472467066,11.2,29086019,76.43
Peru,PE,PER,2020,-694,7.179,12.659,12563.3038060893,2.00241205759293,10.3,32838579,78.297
Philippines,PH,PHL,2000,-33868,3.767,9.531,3365.55833537799,2.49265472467066,25.9,79625397,46.135
Philippines,PH,PHL,2010,13556,3.605,9.736,5489.23543457601,2.49265472467066,0.7,96337125,45.332
Philippines,PH,PHL,2020,-694,2.522,6.987,8238.36802037457,2.39316239316239,0.7,112081264,47.408
Poland,PL,POL,2000,-15921,14.928,32.934,10718.9105404255,9.90017538843064,0.3,38258629,61.716
Poland,PL,POL,2010,-694,9.578,23.576,20993.2495602577,2.58069370250543,0.6,38042794,60.892
Poland,PL,POL,2020,3920,3.155,10.831,37089.3004256812,3.37446972618589,0.2,37515748,60.043
Portugal,PT,PRT,2000,-694,3.806,8.245,18879.0582089447,2.85303039287157,0.7,10289898,54.399
Portugal,PT,PRT,2010,-5627,10.771,22.753,27295.1035561802,1.40257289895369,0.2,10573100,60.567
Portugal,PT,PRT,2020,-694,6.801,22.494,35966.712796561,-0.0124383299575331,0.6,10297081,66.31
Puerto Rico (US),PR,PRI,2000,-19394,10.08,20.61,22938.0302267173,2.49265472467066,0.7,3810605,94.387
Puerto Rico (US),PR,PRI,2010,-30960,16.1,34.978,30908.7986630853,2.49265472467066,0.7,3724465,93.825
Puerto Rico (US),PR,PRI,2020,-7410,8.89,19.578,36858.6085217908,2.49265472467066,0.7,3281590,93.581
Qatar,QA,QAT,2000,22769,0.87,2.656,9303.003879146436,2.49265472467066,0.7,644989,96.311
Qatar,QA,QAT,2010,-694,0.45,1.296,9303.003879146436,2.49265472467066,0.7,1616832,98.501
Qatar,QA,QAT,2020,-694,0.14,0.48,9303.003879146436,-2.54031503004764,0.7,2794148,99.235
Romania,RO,ROU,2000,-694,6.969,17.993,5848.84098627644,2.49265472467066,11.9,22442971,53.004
Romania,RO,ROU,2010,-694,6.959,22.193,17356.6588564889,6.09141668601892,6.3,20246871,53.829
Romania,RO,ROU,2020,-13202,5.035,17.586,34386.1207230181,2.63107311184746,2.4,19265250,54.194
Russian Federation,RU,RUS,2000,-694,10.581,20.72,6825.3916015625,2.49265472467066,5.1,146596869,73.35
Russian Federation,RU,RUS,2010,-694,7.407,17.19,20490.126953125,6.84939230255025,0.2,142849468,73.687
Russian Federation,RU,RUS,2020,-694,5.62,17.001,31490.8046875,3.38165937237896,0.1,145245148,74.754
Rwanda,RW,RWA,2000,-694,11.731,15.471,609.265855545553,2.49265472467066,0.7,8213931,14.926
Rwanda,RW,RWA,2010,-29501,11.673,16.134,1314.13559494324,-0.246128693436924,0.7,10317553,16.934
Rwanda,RW,RWA,2020,-22251,11.829,15.947,2284.89889795328,9.85039902274208,0.7,13065837,17.432
Samoa,WS,WSM,2000,-3453,4.734,11.001,3061.84986676721,2.49265472467066,0.7,181685,21.977
Samoa,WS,WSM,2010,-3197,5.621,14.624,5229.04191199124,0.777007268777691,0.7,193023,20.078
Samoa,WS,WSM,2020,-2299,7.435,17.747,6450.76538373229,-1.56891247740897,0.7,211944,17.889
San Marino,SM,SMR,2000,233,NA,14.5005,53713.4483344714,2.49265472467066,0.7,26799,93.44
San Marino,SM,SMR,2010,592,NA,14.5005,58926.1403701298,2.49265472467066,0.7,33270,95.74
San Marino,SM,SMR,2020,247,NA,14.5005,55206.5812324405,-0.133368898372899,0.7,34770,97.499
Sao Tome and Principe,ST,STP,2000,-2798,14.4,19.64,1830.36629942706,2.49265472467066,17.3,144018,53.424
Sao Tome and Principe,ST,STP,2010,-1529,14.626,20.832,2858.56899092769,2.49265472467066,18.9,181802,64.952
Sao Tome and Principe,ST,STP,2020,0,9.686,9.446,5144.53560286014,9.81932791540148,0.7,217435,74.354
Saudi Arabia,SA,SAU,2000,-694,4.57,22.847,48643.5914969922,-1.12500055218228,0.7,16177722,79.848
Saudi Arabia,SA,SAU,2010,-694,5.55,24.762,58828.7075224838,5.33941623014107,0.7,23978487,82.084
Saudi Arabia,SA,SAU,2020,-694,7.66,29.627,47518.4877485153,3.4454670643357,0.7,31552510,84.287
Senegal,SN,SEN,2000,-42854,2.668,2.831,1963.27509878739,2.49265472467066,0.7,9968260,40.32
Senegal,SN,SEN,2010,-694,2.803,2.942,2662.50486626479,1.22868119673345,0.7,12635413,43.773
Senegal,SN,SEN,2020,33848,3.437,4.871,3752.91947490817,2.5431468568166,0.7,16789219,48.122
Serbia,RS,SRB,2000,-14368,12.6,28.092,6414.34095933836,2.49265472467066,0.7,7516346,52.769
Serbia,RS,SRB,2010,3632,19.204,46.439,13321.5066928033,6.14255360247247,0.3,7291436,54.993
Serbia,RS,SRB,2020,-10220,9.011,26.608,21013.0399401927,1.57553290083412,2,6899126,56.446
Seychelles,SC,SYC,2000,461,NA,14.5005,14637.9590709133,2.49265472467066,0.7,81131,50.433
Seychelles,SC,SYC,2010,740,NA,14.5005,18981.6586503443,-2.40463875108223,0.7,89770,53.336
Seychelles,SC,SYC,2020,1726,NA,14.5005,31055.9442055039,1.20266463987124,0.7,98462,57.546
Sierra Leone,SL,SLE,2000,-694,4.08,7.479,1242.07431827801,2.49265472467066,0.7,4423611,35.626
Sierra Leone,SL,SLE,2010,7983,4.413,7.916,1900.38515206703,7.18566275668162,0.7,6222714,38.856
Sierra Leone,SL,SLE,2020,1292,3.508,4.1,2721.34184517493,2.49265472467066,0.7,7912558,42.923
Singapore,SG,SGP,2000,-694,3.7,6.827,43781.2691496809,2.49265472467066,0.7,4027887,100
Singapore,SG,SGP,2010,-694,4.12,9.413,9303.003879146436,2.82884527612958,0.7,5076732,100
Singapore,SG,SGP,2020,-694,4.1,10.557,9303.003879146436,-0.172111865925357,0.7,5685807,100
Sint Maarten (Dutch part),SX,SXM,2000,-618,NA,14.5005,9303.003879146436,2.49265472467066,0.7,30773,100
Sint Maarten (Dutch part),SX,SXM,2010,-24,NA,14.5005,37736.4056799196,2.49265472467066,0.7,33794,100
Sint Maarten (Dutch part),SX,SXM,2020,519,NA,14.5005,38901.4867603712,2.49265472467066,0.7,41008,100
Slovak Republic,SK,SVK,2000,-831,18.546,36.611,11367.5695884816,2.49265472467066,0.7,5388720,56.233
Slovak Republic,SK,SVK,2010,-1814,14.387,33.749,25384.4911366354,0.957018132975151,0.6,5391428,54.685
Slovak Republic,SK,SVK,2020,4350,6.719,19.438,35327.9439165588,1.93694126694221,0.3,5458827,53.76
Slovenia,SI,SVN,2000,3124,6.92,16.377,17887.7797417869,8.91174418658768,0.7,1988925,50.754
Slovenia,SI,SVN,2010,-410,7.236,14.7,27582.4977417186,1.80117022137135,0,2048583,52.658
Slovenia,SI,SVN,2020,28514,4.971,14.179,41767.2579899957,-0.0548568157606016,0,2102419,55.118
Solomon Islands,SB,SLB,2000,-4219,2.45,3.601,1502.90089118674,2.49265472467066,0.7,440469,15.813
Solomon Islands,SB,SLB,2010,5040,1.617,2.924,2182.21600810863,2.49265472467066,0.7,532968,20.048
Solomon Islands,SB,SLB,2020,1556,0.864,1.499,2405.30256166037,2.96354992076063,0.7,744498,24.67
"Somalia, Fed. Rep.",SO,SOM,2000,-694,18.98,34.308,467.060922117287,2.49265472467066,0.7,8838713,33.247
"Somalia, Fed. Rep.",SO,SOM,2010,-694,19.031,34.088,815.131435995058,2.49265472467066,0.7,12261756,39.31
"Somalia, Fed. Rep.",SO,SOM,2020,-694,19.413,35.978,1454.33348080341,2.49265472467066,0.7,16651191,46.141
South Africa,ZA,ZAF,2000,-694,22.714,42.396,8095.29428867929,5.33895913599827,0.7,47159719,56.891
South Africa,ZA,ZAF,2010,-694,24.683,14.5005,12637.2912226018,4.06749555950264,0.7,52344051,62.218
South Africa,ZA,ZAF,2020,-694,29.217,14.5005,12671.0862436851,3.23238831615119,0.7,60562381,67.354
South Sudan,SS,SSD,2000,-694,12.325,18.372,9303.003879146436,2.49265472467066,0.7,6032267,16.504
South Sudan,SS,SSD,2010,-694,12.503,19.442,2948.0500149385,1.16962180301109,0.7,9745953,17.86
South Sudan,SS,SSD,2020,-694,14.319,21.984,9303.003879146436,2.49265472467066,0.7,10698467,20.199
Spain,ES,ESP,2000,-694,13.785,25.258,21577.59731368,3.43351563418767,0.9,40567864,76.262
Spain,ES,ESP,2010,-694,19.86,41.453,31808.2179879539,1.79986457728772,0.7,46576897,78.442
Spain,ES,ESP,2020,-694,15.532,38.312,39327.8479269599,-0.322753017299685,1.1,47359424,80.81
Sri Lanka,LK,LKA,2000,-694,7.74,23.791,4367.80358982686,2.49265472467066,0.7,19293054,18.38
Sri Lanka,LK,LKA,2010,-694,4.784,18.684,8233.6266381136,2.49265472467066,0.7,20879089,18.226
Sri Lanka,LK,LKA,2020,-29875,5.364,25.449,12940.9043295749,6.15394508391736,0.7,21919000,18.713
St. Kitts and Nevis,KN,KNA,2000,291,NA,14.5005,15256.4305904132,2.49265472467066,0.7,45248,32.778
St. Kitts and Nevis,KN,KNA,2010,-449,NA,14.5005,23691.4477936151,0.850878649795842,0.7,46846,31.322
St. Kitts and Nevis,KN,KNA,2020,-202,NA,14.5005,27326.036057423,-1.16724501769354,0.7,46870,30.843
St. Lucia,LC,LCA,2000,-176,16.49,27.187,9313.73279695482,2.49265472467066,0.7,158616,27.774
St. Lucia,LC,LCA,2010,-170,17.12,35.313,12717.7865966902,3.25034409180129,0.7,170906,18.45
St. Lucia,LC,LCA,2020,0,25.224,14.5005,14912.159584235,-1.75580833517593,0.7,178250,18.841
St. Martin (French part),MF,MAF,2000,143,NA,14.5005,9303.003879146436,2.49265472467066,0.7,29996,NA
St. Martin (French part),MF,MAF,2010,-357,NA,14.5005,9303.003879146436,2.49265472467066,0.7,36856,NA
St. Martin (French part),MF,MAF,2020,-2853,NA,14.5005,9303.003879146436,2.49265472467066,0.7,31786,NA
St. Vincent and the Grenadines,VC,VCT,2000,-1213,20.794,40.441,6502.90023634218,2.49265472467066,0.7,113545,45.186
St. Vincent and the Grenadines,VC,VCT,2010,-1371,19.966,41.819,10561.308030596,0.747109026311472,0.7,109959,48.961
St. Vincent and the Grenadines,VC,VCT,2020,-493,20.636,47.275,15336.5987771764,-0.62813130935467,0.7,103526,53.032
Sudan,SD,SDN,2000,-694,15.608,24.288,2616.46459960938,7.12125897172302,0.7,27816745,32.495
Sudan,SD,SDN,2010,-694,15.161,26.387,3805.62744140625,2.49265472467066,0.7,35414399,33.089
Sudan,SD,SDN,2020,-694,11.958,19.904,3348.57836914063,2.49265472467066,0.7,46789231,35.253
Suriname,SR,SUR,2000,1516,12.983,31.286,7535.45294158294,2.49265472467066,0.7,476643,66.444
Suriname,SR,SUR,2010,-1138,7.15,13.452,13039.4491198099,6.94108221639996,0.7,549923,66.344
Suriname,SR,SUR,2020,-296,8.76,28.397,16946.8942361914,2.49265472467066,0.7,612317,66.149
Sweden,SE,SWE,2000,24900,5.466,9.29,29629.8986478258,0.899143734041626,0.2,8872109,84.026
Sweden,SE,SWE,2010,-694,8.61,24.761,41956.1290051562,1.15798802715628,0.6,9378126,85.056
Sweden,SE,SWE,2020,37302,8.291,23.895,57489.2657196219,0.497367318853587,0.5,10353442,87.977
Switzerland,CH,CHE,2000,24463,2.658,4.806,36695.2070554187,1.5585291967901,0.2,7184250,73.383
Switzerland,CH,CHE,2010,-694,4.808,8.216,54432.332994981,0.688238707220029,0.1,7824909,73.607
Switzerland,CH,CHE,2020,-694,4.817,8.603,9303.003879146436,-0.725874933313387,0.1,8638167,73.915
Syrian Arab Republic,SY,SYR,2000,-34425,9.587,18.235,9303.003879146436,2.49265472467066,0.7,16637888,51.947
Syrian Arab Republic,SY,SYR,2010,-694,8.61,20.491,9303.003879146436,2.49265472467066,0.7,22482421,55.6
Syrian Arab Republic,SY,SYR,2020,-694,15.191,36.166,3737.65751831376,2.49265472467066,0.7,21049429,55.475
Tajikistan,TJ,TJK,2000,-13871,4.15,6.345,1036.12988868059,2.49265472467066,0.7,6284735,26.501
Tajikistan,TJ,TJK,2010,-33733,11.542,24.724,2291.07823631732,6.44531440780655,0.7,7652141,26.52
Tajikistan,TJ,TJK,2020,-3564,12.321,29.031,3653.95976759112,2.49265472467066,0.7,9749310,27.506
Tanzania,TZ,TZA,2000,-9701,3.127,5.541,1163.64367675781,2.49265472467066,0.7,34260139,22.309
Tanzania,TZ,TZA,2010,-694,3.029,5.851,2069.40185546875,2.49265472467066,0.7,44758488,28.114
Tanzania,TZ,TZA,2020,-18587,2.781,3.805,3290.60986328125,3.29029062798325,0.7,60972798,35.227
Thailand,TH,THA,2000,-694,2.389,6.818,7289.10499432356,2.49265472467066,8.4,63007815,31.386
Thailand,TH,THA,2010,-694,0.622,2.598,12932.2633444457,2.49265472467066,0.7,68579447,43.856
Thailand,TH,THA,2020,32277,1.099,5.199,19163.7415152349,-0.845937147357064,0.1,71641484,51.43
Timor-Leste,TL,TLS,2000,-694,3.477,10.019,1483.17000112853,2.49265472467066,0.7,745088,24.263
Timor-Leste,TL,TLS,2010,470,3.301,9.331,1955.32969499557,2.49265472467066,0.7,1084679,27.732
Timor-Leste,TL,TLS,2020,3793,2.782,6.743,6132.08299806495,0.495499215459576,0.7,1326053,31.32
Togo,TG,TGO,2000,4715,4.174,7.353,1314.73715657784,1.86260595463068,0.7,5140037,32.907
Togo,TG,TGO,2010,-1964,2.383,3.963,1537.0546089113,1.44594517430866,0.7,6732590,37.533
Togo,TG,TGO,2020,-986,2.225,3.727,2356.75859666213,1.69928463299407,0.7,8669720,42.8
Tonga,TO,TON,2000,-1721,4.12,10.758,3833.92767581697,2.49265472467066,4.6,102677,23.012
Tonga,TO,TON,2010,-2097,1.513,4.218,4465.46050009263,3.53491239189834,0.7,107400,23.389
Tonga,TO,TON,2020,-1807,2.699,7.937,6689.85928964051,-0.349737696727462,0.7,105704,23.099
Trinidad and Tobago,TT,TTO,2000,-5185,12.1,23.4,13953.1361523366,2.49265472467066,0.7,1319774,55.905
Trinidad and Tobago,TT,TTO,2010,-2230,4.033,9.85,30778.3127370297,10.5492003179988,0.7,1317714,54.025
Trinidad and Tobago,TT,TTO,2020,427,4.206,11.81,26862.9417710355,0.598986330824666,0.7,1366725,53.214
Tunisia,TN,TUN,2000,-5937,14.94,30.728,6278.98680881057,2.49265472467066,10.5,9764935,63.432
Tunisia,TN,TUN,2010,-14168,13.049,29.573,10555.0887033221,3.33897963601068,3.1,10765980,66.657
Tunisia,TN,TUN,2020,-19188,17.656,41.231,11918.066205483,5.63415115897626,0.7,11974057,69.568
Turkiye,TR,TUR,2000,-694,6.495,12.944,9308.41965620447,2.49265472467066,0.7,65425961,64.741
Turkiye,TR,TUR,2010,-694,11.879,21.578,17343.6771298998,8.56644420552977,2.8,73142150,70.825
Turkiye,TR,TUR,2020,37934,13.148,24.919,28680.2006288764,2.49265472467066,1.1,83384680,76.105
Turkmenistan,TM,TKM,2000,14925,11.666,22.381,4208.66515457033,2.49265472467066,0.7,4582677,45.913
Turkmenistan,TM,TKM,2010,6621,4,8.405,8971.61628736812,2.49265472467066,0.7,5564356,48.491
Turkmenistan,TM,TKM,2020,19913,4.501,10.038,15090.9394971778,2.49265472467066,0.7,6949912,52.516
Turks and Caicos Islands,TC,TCA,2000,442,NA,14.5005,9303.003879146436,2.49265472467066,0.7,18730,84.55
Turks and Caicos Islands,TC,TCA,2010,863,NA,14.5005,22316.4440292076,2.49265472467066,0.7,29739,90.228
Turks and Caicos Islands,TC,TCA,2020,682,NA,14.5005,19530.0254075613,2.49265472467066,0.7,44386,93.605
Tuvalu,TV,TUV,2000,-118,NA,14.5005,2597.25208316056,2.49265472467066,0.7,9544,46.018
Tuvalu,TV,TUV,2010,22,NA,14.5005,2945.12892457303,2.49265472467066,9,10614,54.796
Tuvalu,TV,TUV,2020,-355,NA,14.5005,5122.19827984698,2.49265472467066,0.7,10399,64.014
Uganda,UG,UGA,2000,-694,3.529,5.191,1124.20958232447,2.49265472467066,0.7,24000150,14.786
Uganda,UG,UGA,2010,-694,3.619,5.345,2091.55963145331,2.49265472467066,0.7,32390802,19.383
Uganda,UG,UGA,2020,-694,3.831,5.721,2532.21950102069,3.31332289544504,0.7,44457152,24.954
Ukraine,UA,UKR,2000,-694,11.707,21.85,4228.1162109375,2.49265472467066,0.7,49556660,67.145
Ukraine,UA,UKR,2010,16030,8.1,17.709,8453.2998046875,9.37293105078978,0.1,46456003,68.596
Ukraine,UA,UKR,2020,-4167,9.475,19.355,15541.02734375,2.73249209419427,0,44680014,69.608
United Arab Emirates,AE,ARE,2000,-694,2.25,5.124,9303.003879146436,2.49265472467066,0.7,3493575,80.236
United Arab Emirates,AE,ARE,2010,-694,2.811,7.191,9303.003879146436,0.877983288285865,0.7,6869838,84.087
United Arab Emirates,AE,ARE,2020,-694,4.294,13.482,9303.003879146436,-2.0794031794094,0.7,9401038,87.048
United Kingdom,GB,GBR,2000,-694,5.558,11.874,26529.8521734351,1.18295624210409,0.2,58892514,78.651
United Kingdom,GB,GBR,2010,-694,7.924,20.206,36487.6718531875,2.49265472467066,0.2,62766365,81.302
United Kingdom,GB,GBR,2020,-694,4.472,13.371,48230.0477027461,0.989486703772449,0.5,66744000,83.903
United States,US,USA,2000,-694,3.992,9.278,36329.9702595751,3.37685727149929,0.7,282162411,79.057
United States,US,USA,2010,-694,9.633,18.361,48642.6312088213,1.6400434423899,1.2,309378227,80.772
United States,US,USA,2020,-694,8.055,14.891,9303.003879146436,1.23358439630629,0.5,331577720,82.664
Uruguay,UY,URY,2000,-11076,12.627,29.251,10929.3002607587,2.49265472467066,0.8,3266206,92.028
Uruguay,UY,URY,2010,-7696,7.158,20.707,17872.5369682924,6.69870886978133,0.3,3318580,94.414
Uruguay,UY,URY,2020,-1482,10.413,34.209,25725.258216942,9.75640636078194,0.3,3398968,95.515
Uzbekistan,UZ,UZB,2000,-694,12.317,25.629,2644.26354163536,2.49265472467066,0.7,24787054,46.126
Uzbekistan,UZ,UZB,2010,-20380,5.36,11.644,5504.8563793137,2.49265472467066,0.7,28385506,50.956
Uzbekistan,UZ,UZB,2020,-9208,5.293,12.838,8451.72505108114,2.49265472467066,0.7,33586372,50.416
Vanuatu,VU,VUT,2000,-339,8.283,14.131,2206.10240356774,2.53768844221106,0.7,186281,21.673
Vanuatu,VU,VUT,2010,-1413,4.685,9.407,2733.45922588718,2.76269469477348,25.7,238248,24.462
Vanuatu,VU,VUT,2020,-201,4.046,9.696,3117.64425292038,5.32935073101714,0.7,298858,25.525
"Venezuela, RB",VE,VEN,2000,-1999,13.99,23.313,11577.1299709909,2.49265472467066,0.7,24526708,87.559
"Venezuela, RB",VE,VEN,2010,-694,7.112,14.178,16527.7394080967,2.49265472467066,0.7,28813101,88.083
"Venezuela, RB",VE,VEN,2020,-694,7.53,13.628,9303.003879146436,2.49265472467066,0.7,28444077,88.279
Viet Nam,VN,VNM,2000,-694,2.26,4.732,2614.11840366563,2.49265472467066,0.7,77154011,24.374
Viet Nam,VN,VNM,2010,-4443,1.114,3.432,5389.21956993674,9.20746648778415,5.2,87455152,30.417
Viet Nam,VN,VNM,2020,-6457,2.103,6.546,11609.3177276423,3.22093436652516,1.3,98079191,37.34
Virgin Islands (U.S.),VI,VIR,2000,-791,10.546,21.571,9303.003879146436,2.49265472467066,0.7,108642,92.586
Virgin Islands (U.S.),VI,VIR,2010,-1251,11.742,24.195,41607.5668567026,2.49265472467066,0.7,108357,94.594
Virgin Islands (U.S.),VI,VIR,2020,0,15.191,35.848,41749.0800364553,2.49265472467066,0.7,106290,95.939
West Bank and Gaza,PS,PSE,2000,-11496,10.625,15.818,2782.51388482361,2.79819892435758,0.7,2922153,71.969
West Bank and Gaza,PS,PSE,2010,-26351,21.416,36.178,4120.86066344952,3.74915727597099,0.6,3786161,74.149
West Bank and Gaza,PS,PSE,2020,-12369,25.895,42.053,5956.28620064819,-0.73533200109217,0.7,4803269,76.719
"Yemen, Rep.",YE,YEM,2000,-694,11.557,18.611,2623.61531886105,2.49265472467066,0.7,19624141,26.267
"Yemen, Rep.",YE,YEM,2010,20269,12.779,22.04,3603.03505648202,2.49265472467066,0.7,26754387,31.776
"Yemen, Rep.",YE,YEM,2020,-694,17.953,34.625,9303.003879146436,2.49265472467066,0.7,36134863,37.908
Zambia,ZM,ZMB,2000,-4338,12.93,22.529,1708.51552615927,2.49265472467066,0.7,10017631,34.802
Zambia,ZM,ZMB,2010,22761,13.19,29.15,3097.66400499243,2.49265472467066,0.7,13965594,39.355
Zambia,ZM,ZMB,2020,8156,6.033,11.042,3157.30009311643,2.49265472467066,0.7,19059395,44.629
Zimbabwe,ZW,ZWE,2000,-694,5.684,11.935,2243.17630615662,2.49265472467066,0.7,11892055,33.758
Zimbabwe,ZW,ZWE,2010,-694,5.447,9.065,1740.94575434279,3.02267002518891,0.7,13356548,33.196
Zimbabwe,ZW,ZWE,2020,-694,8.621,14.258,3510.67604016744,2.49265472467066,0.7,15526888,32.242
